<?xml version="1.0" encoding="UTF-8" standalone="yes"?>
<manifest>
  <control namespace="MultipleAttachments" constructor="MultipleFileUploader" version="3.2.0" display-name-key="Multiple File Uploader" description-key="Upload multiple files as attachments new version" control-type="virtual" api-version="1.3.16">
    <external-service-usage enabled="false"/>
    <property name="fileData" display-name-key="File Data" description-key="Data for the files to be uploaded" of-type="Multiple" usage="bound" required="true"/>
    <property name="isUploading" display-name-key="Is Uploading" description-key="Whether the files are currently being uploaded" of-type="TwoOptions" usage="bound" required="true"/>
    <property name="blockedFileExtension" display-name-key="Blocked File Extension" description-key="List of blocked file extensions (comma separated)" of-type="Multiple" usage="input" required="true"/>
    <property name="maxFileSizeForAttachment" display-name-key="Max File Size For Attachment" description-key="Maximum file size allowed for attachment (in bytes)" of-type="SingleLine.Text" usage="input" required="true"/>
    <property name="parentEntityName" display-name-key="Parent Entity Name" description-key="Logical name of the parent entity to associate notes with" of-type="SingleLine.Text" usage="input" required="true"/>
    <property name="parentRecordId" display-name-key="Parent Entity RecordId" description-key="GUID of the parent entity record to associate notes with" of-type="SingleLine.Text" usage="bound" required="true"/>
    <property name="showDialog" display-name-key="Show Dialog" description-key="Output property to trigger a dialog with a title and message" of-type="TwoOptions" usage="output" required="false"/>
    <event name="filesUploaded" display-name-key="Files Uploaded" description-key="Triggered after all files are uploaded"/>
    <resources>
      <code path="bundle.js" order="1"/>
      <css path="css/FileUploader.css" order="1"/>
      <platform-library name="React" version="16.14.0"/>
      <platform-library name="Fluent" version="8.121.1"/>
    </resources>
    <feature-usage>
      <uses-feature name="Device.pickFile" required="true"/>
      <uses-feature name="Utility" required="true"/>
      <uses-feature name="WebAPI" required="true"/>
    </feature-usage>
    <built-by name="pac" version="1.42.1"/>
  </control>
</manifest>